{"_dde_display_config_private+HDMI12f0dc41d8855b5697d2ccdfc3505308,eDPce7366f968e6fc7f1289e37600ffc2e4":{"Name":"_dde_display_config_private","Primary":"eDP-1","BaseInfos":[{"UUID":"eDPce7366f968e6fc7f1289e37600ffc2e4","Name":"eDP-1","Enabled":true,"X":0,"Y":0,"Width":1920,"Height":1080,"Rotation":1,"Reflect":0,"RefreshRate":60.00612828544192},{"UUID":"HDMI12f0dc41d8855b5697d2ccdfc3505308","Name":"HDMI-2","Enabled":true,"X":1920,"Y":0,"Width":1920,"Height":1080,"Rotation":1,"Reflect":0,"RefreshRate":60}]},"eDPce7366f968e6fc7f1289e37600ffc2e4":{"Name":"","Primary":"eDP-1","BaseInfos":[{"UUID":"eDPce7366f968e6fc7f1289e37600ffc2e4","Name":"eDP-1","Enabled":true,"X":0,"Y":0,"Width":1920,"Height":1080,"Rotation":1,"Reflect":0,"RefreshRate":60.00612828544192}]}}